{
  "meta": {
    "binSize": 0.5,
    "trainedAt": "2026-01-06T08:40:50.220Z",
    "labelRuleVersion": "v1",
    "labelRules": {
      "ferry": "ferry_state includes '欠航' => cancelled=1 else 0",
      "rainbowjet": "rainbowjet_state includes 'cancel' or '欠航' => cancelled=1 else 0"
    }
  },
  "ferry": {
    "weights": {
      "w0": -6.658217590844144,
      "w1": 0.8969049030628655,
      "w2": 1.7268238493885162
    },
    "scaler": {
      "m1": 1.8279150411790204,
      "s1": 1.0006894613566497,
      "m2": 1.8218465539661899,
      "s2": 0.9804723023669589
    }
  },
  "rainbowjet": {
    "weights": {
      "w0": -4.957349162683174,
      "w1": 0.7238963813168257,
      "w2": 1.3388885762969314
    },
    "scaler": {
      "m1": 1.8279150411790204,
      "s1": 1.0006894613566497,
      "m2": 1.8218465539661899,
      "s2": 0.9804723023669589
    }
  }
}
